"Barbarian",,,,,,,,,,,,,,
,"Name","HasDirections","VariationWeight","ActionFrame","ExportName","Looping","StopToLast",,,,,,,
,"String","boolean","int","int","String","boolean","boolean",,,,,,,
,"walk","true",,,"barbarian1_run","true","true",,,,,,,
,"idle","true",1,,"barbarian1_idle1","true","true",,,,,,,
,,"true",1,,"barbarian1_idle1","true","true",,,,,,,
,"attack","true",1,11,"barbarian1_attack1","false","true",,,,,,,
,,"true",1,11,"barbarian1_attack2","false","true",,,,,,,
,,"true",1,11,"barbarian1_attack1","false","true",,,,,,,
,,"true",1,11,"barbarian1_attack2","false","true",,,,,,,
,"celebrate","true",1,,"barbarian1_cheer1","true","true",,,,,,,
,"die","false",1,,"barbarian_death_1","false","true",,,,,,,
,"spawn","true",1,,"barbarian1_cheer1","true","true",,,,,,,
"Barbarian3",,,,,,,,,,,,,,
,"Name","HasDirections","VariationWeight","ActionFrame","ExportName","Looping","StopToLast",,,,,,,
,"String","boolean","int","int","String","boolean","boolean",,,,,,,
,"walk","true",,,"barbarian3_run","true","true",,,,,,,
,"idle","true",1,,"barbarian3_idle1","true","true",,,,,,,
,,"true",1,,"barbarian3_idle1","true","true",,,,,,,
,"attack","true",1,11,"barbarian3_attack1","false","true",,,,,,,
,,"true",1,11,"barbarian3_attack2","false","true",,,,,,,
,,"true",1,11,"barbarian3_attack1","false","true",,,,,,,
,,"true",1,11,"barbarian3_attack2","false","true",,,,,,,
,"celebrate","true",1,,"barbarian3_cheer1","true","true",,,,,,,
,"die","false",1,,"barbarian_death_1","false","true",,,,,,,
,"spawn","true",1,,"barbarian3_cheer1","true","true",,,,,,,
"Barbarian5",,,,,,,,,,,,,,
,"Name","HasDirections","VariationWeight","ActionFrame","ExportName","Looping","StopToLast",,,,,,,
,"String","boolean","int","int","String","boolean","boolean",,,,,,,
,"walk","true",,,"barbarian5_run","true","true",,,,,,,
,"idle","true",1,,"barbarian5_idle1","true","true",,,,,,,
,,"true",1,,"barbarian5_idle1","true","true",,,,,,,
,"attack","true",1,11,"barbarian5_attack1","false","true",,,,,,,
,,"true",1,11,"barbarian5_attack2","false","true",,,,,,,
,,"true",1,11,"barbarian5_attack1","false","true",,,,,,,
,,"true",1,11,"barbarian5_attack2","false","true",,,,,,,
,"celebrate","true",1,,"barbarian5_cheer1","true","true",,,,,,,
,"die","false",1,,"barbarian_death_1","false","true",,,,,,,
,"spawn","true",1,,"barbarian5_cheer1","true","true",,,,,,,
"Barbarian6",,,,,,,,,,,,,,
,"Name","HasDirections","VariationWeight","ActionFrame","ExportName","Looping","StopToLast",,,,,,,
,"String","boolean","int","int","String","boolean","boolean",,,,,,,
,"walk","true",,,"barbarian6_run","true","true",,,,,,,
,"idle","true",1,,"barbarian6_idle1","true","true",,,,,,,
,,"true",1,,"barbarian6_idle1","true","true",,,,,,,
,"attack","true",1,11,"barbarian6_attack1","false","true",,,,,,,
,,"true",1,11,"barbarian6_attack2","false","true",,,,,,,
,,"true",1,11,"barbarian6_attack1","false","true",,,,,,,
,,"true",1,11,"barbarian6_attack2","false","true",,,,,,,
,"celebrate","true",1,,"barbarian6_cheer1","true","true",,,,,,,
,"die","false",1,,"barbarian_death_1","false","true",,,,,,,
,"spawn","true",1,,"barbarian6_cheer1","true","true",,,,,,,
"Barbarian7",,,,,,,,,,,,,,
,"Name","HasDirections","VariationWeight","ActionFrame","ExportName","Looping","StopToLast",,,,,,,
,"String","boolean","int","int","String","boolean","boolean",,,,,,,
,"walk","true",,,"barbarian7_run","true","true",,,,,,,
,"idle","true",1,,"barbarian7_idle1","true","true",,,,,,,
,,"true",1,,"barbarian7_idle1","true","true",,,,,,,
,"attack","true",1,11,"barbarian7_attack1","false","true",,,,,,,
,,"true",1,11,"barbarian7_attack2","false","true",,,,,,,
,,"true",1,11,"barbarian7_attack1","false","true",,,,,,,
,,"true",1,11,"barbarian7_attack2","false","true",,,,,,,
,"celebrate","true",1,,"barbarian7_cheer1","true","true",,,,,,,
,"die","false",1,,"barbarian_death_1","false","true",,,,,,,
,"spawn","true",1,,"barbarian7_cheer1","true","true",,,,,,,
"Archer",,,,,,,,,,,,,,
,"Name","HasDirections","VariationWeight","ActionFrame","ExportName","Looping","StopToLast",,,,,,,
,"String","boolean","int","int","String","boolean","boolean",,,,,,,
,"walk","true",,,"archer1_run1","true","true",,,,,,,
,"idle","true",10,,"archer1_idle1","true","true",,,,,,,
,,"true",2,,"archer1_idle1","true","true",,,,,,,
,"attack","true",1,5,"archer1_attack1","false","true",,,,,,,
,,"true",1,5,"archer1_attack1","false","true",,,,,,,
,"celebrate","true",1,,"archer1_cheer1","true","true",,,,,,,
,"celebrate","true",1,,"archer1_cheer1","true","true",,,,,,,
,"die","false",1,,"barbarian_death_1","false","true",,,,,,,
,"spawn","true",1,,"archer1_cheer1","true","true",,,,,,,
"Archer2",,,,,,,,,,,,,,
,"Name","HasDirections","VariationWeight","ActionFrame","ExportName","Looping","StopToLast",,,,,,,
,"String","boolean","int","int","String","boolean","boolean",,,,,,,
,"walk","true",,,"archer2_run1","true","true",,,,,,,
,"idle","true",10,,"archer2_idle1","true","true",,,,,,,
,,"true",2,,"archer2_idle1","true","true",,,,,,,
,"attack","true",1,5,"archer2_attack1","false","true",,,,,,,
,,"true",1,5,"archer2_attack1","false","true",,,,,,,
,"celebrate","true",1,,"archer2_cheer1","true","true",,,,,,,
,"celebrate","true",1,,"archer2_cheer1","true","true",,,,,,,
,"die","false",1,,"barbarian_death_1","false","true",,,,,,,
,"spawn","true",1,,"archer2_cheer1","true","true",,,,,,,
"Archer3",,,,,,,,,,,,,,
,"Name","HasDirections","VariationWeight","ActionFrame","ExportName","Looping","StopToLast",,,,,,,
,"String","boolean","int","int","String","boolean","boolean",,,,,,,
,"walk","true",,,"archer3_run1","true","true",,,,,,,
,"idle","true",10,,"archer3_idle1","true","true",,,,,,,
,,"true",2,,"archer3_idle1","true","true",,,,,,,
,"attack","true",1,5,"archer3_attack1","false","true",,,,,,,
,,"true",1,5,"archer3_attack1","false","true",,,,,,,
,"celebrate","true",1,,"archer3_cheer1","true","true",,,,,,,
,"celebrate","true",1,,"archer3_cheer1","true","true",,,,,,,
,"die","false",1,,"barbarian_death_1","false","true",,,,,,,
,"spawn","true",1,,"archer3_cheer1","true","true",,,,,,,
"Archer6",,,,,,,,,,,,,,
,"Name","HasDirections","VariationWeight","ActionFrame","ExportName","Looping","StopToLast",,,,,,,
,"String","boolean","int","int","String","boolean","boolean",,,,,,,
,"walk","true",,,"archer6_run1","true","true",,,,,,,
,"idle","true",10,,"archer6_idle1","true","true",,,,,,,
,,"true",2,,"archer6_idle1","true","true",,,,,,,
,"attack","true",1,5,"archer6_attack1","false","true",,,,,,,
,,"true",1,5,"archer6_attack1","false","true",,,,,,,
,"celebrate","true",1,,"archer6_cheer1","true","true",,,,,,,
,"celebrate","true",1,,"archer6_cheer1","true","true",,,,,,,
,"die","false",1,,"barbarian_death_1","false","true",,,,,,,
,"spawn","true",1,,"archer6_cheer1","true","true",,,,,,,
"Archer7",,,,,,,,,,,,,,
,"Name","HasDirections","VariationWeight","ActionFrame","ExportName","Looping","StopToLast",,,,,,,
,"String","boolean","int","int","String","boolean","boolean",,,,,,,
,"walk","true",,,"archer7_run1","true","true",,,,,,,
,"idle","true",10,,"archer7_idle1","true","true",,,,,,,
,,"true",2,,"archer7_idle1","true","true",,,,,,,
,"attack","true",1,5,"archer7_attack1","false","true",,,,,,,
,,"true",1,5,"archer7_attack1","false","true",,,,,,,
,"celebrate","true",1,,"archer7_cheer1","true","true",,,,,,,
,"celebrate","true",1,,"archer7_cheer1","true","true",,,,,,,
,"die","false",1,,"barbarian_death_1","false","true",,,,,,,
,"spawn","true",1,,"archer7_cheer1","true","true",,,,,,,
"Giant",,,,,,,,,,,,,,
,"Name","HasDirections","VariationWeight","ActionFrame","ExportName","Looping","StopToLast",,,,,,,
,"String","boolean","int","int","String","boolean","boolean",,,,,,,
,"walk","true",,,"giant_walk1","true","true",,,,,,,
,"idle","true",10,,"giant_idle1","true","true",,,,,,,
,,"true",2,,"giant_idle1","true","true",,,,,,,
,"attack","true",1,20,"giant_attack3","false","true",,,,,,,
,,"true",1,20,"giant_attack2","false","true",,,,,,,
,,"true",1,20,"giant_attack3","false","true",,,,,,,
,"celebrate","true",4,,"giant_idle1","true","true",,,,,,,
,,"true",1,,"giant_idle1","true","true",,,,,,,
,"die","false",1,,"barbarian_death_1","false","true",,,,,,,
"Giant2",,,,,,,,,,,,,,
,"Name","HasDirections","VariationWeight","ActionFrame","ExportName","Looping","StopToLast",,,,,,,
,"String","boolean","int","int","String","boolean","boolean",,,,,,,
,"walk","true",,,"giant2_walk1","true","true",,,,,,,
,"idle","true",10,,"giant2_idle1","true","true",,,,,,,
,,"true",2,,"giant2_idle1","true","true",,,,,,,
,"attack","true",1,20,"giant2_attack3","false","true",,,,,,,
,,"true",1,20,"giant2_attack2","false","true",,,,,,,
,,"true",1,20,"giant2_attack3","false","true",,,,,,,
,"celebrate","true",4,,"giant2_idle1","true","true",,,,,,,
,,"true",1,,"giant2_idle1","true","true",,,,,,,
,"die","false",1,,"barbarian_death_1","false","true",,,,,,,
"Giant3",,,,,,,,,,,,,,
,"Name","HasDirections","VariationWeight","ActionFrame","ExportName","Looping","StopToLast",,,,,,,
,"String","boolean","int","int","String","boolean","boolean",,,,,,,
,"walk","true",,,"giant3_walk1","true","true",,,,,,,
,"idle","true",10,,"giant3_idle1","true","true",,,,,,,
,,"true",2,,"giant3_idle1","true","true",,,,,,,
,"attack","true",1,20,"giant3_attack3","false","true",,,,,,,
,,"true",1,20,"giant3_attack2","false","true",,,,,,,
,,"true",1,20,"giant3_attack3","false","true",,,,,,,
,"celebrate","true",4,,"giant3_idle1","true","true",,,,,,,
,,"true",1,,"giant3_idle1","true","true",,,,,,,
,"die","false",1,,"barbarian_death_1","false","true",,,,,,,
"Giant6",,,,,,,,,,,,,,
,"Name","HasDirections","VariationWeight","ActionFrame","ExportName","Looping","StopToLast",,,,,,,
,"String","boolean","int","int","String","boolean","boolean",,,,,,,
,"walk","true",,,"giant6_walk1","true","true",,,,,,,
,"idle","true",10,,"giant6_idle1","true","true",,,,,,,
,,"true",2,,"giant6_idle1","true","true",,,,,,,
,"attack","true",1,20,"giant6_attack3","false","true",,,,,,,
,,"true",1,20,"giant6_attack2","false","true",,,,,,,
,,"true",1,20,"giant6_attack3","false","true",,,,,,,
,"celebrate","true",4,,"giant6_idle1","true","true",,,,,,,
,,"true",1,,"giant6_idle1","true","true",,,,,,,
,"die","false",1,,"barbarian_death_1","false","true",,,,,,,
"Giant7",,,,,,,,,,,,,,
,"Name","HasDirections","VariationWeight","ActionFrame","ExportName","Looping","StopToLast",,,,,,,
,"String","boolean","int","int","String","boolean","boolean",,,,,,,
,"walk","true",,,"giant7_walk1","true","true",,,,,,,
,"idle","true",10,,"giant7_idle1","true","true",,,,,,,
,,"true",2,,"giant7_idle1","true","true",,,,,,,
,"attack","true",1,20,"giant7_attack3","false","true",,,,,,,
,,"true",1,20,"giant7_attack2","false","true",,,,,,,
,,"true",1,20,"giant7_attack3","false","true",,,,,,,
,"celebrate","true",4,,"giant7_idle1","true","true",,,,,,,
,,"true",1,,"giant7_idle1","true","true",,,,,,,
,"die","false",1,,"barbarian_death_1","false","true",,,,,,,
"Dragon",,,,,,,,,,,,,,
,"Name","HasDirections","VariationWeight","ActionFrame","ExportName","Looping","StopToLast",,,,,,,
,"String","boolean","int","int","String","boolean","boolean",,,,,,,
,"walk","true",,,"dragon_fly1","true","true",,,,,,,
,"idle","true",10,,"dragon_fly1","true","true",,,,,,,
,,"true",2,,"dragon_fly1","true","true",,,,,,,
,"attack","true",1,2,"dragon_fly1","true","true",,,,,,,
,,"true",1,2,"dragon_fly1","true","true",,,,,,,
,"celebrate","true",4,,"dragon_fly1","true","true",,,,,,,
,,"true",1,,"dragon_fly1","true","true",,,,,,,
,"die","false",1,,"barbarian_death_1","false","true",,,,,,,
"Dragon2",,,,,,,,,,,,,,
,"Name","HasDirections","VariationWeight","ActionFrame","ExportName","Looping","StopToLast",,,,,,,
,"String","boolean","int","int","String","boolean","boolean",,,,,,,
,"walk","true",,,"dragon2_fly1","true","true",,,,,,,
,"idle","true",10,,"dragon2_fly1","true","true",,,,,,,
,,"true",2,,"dragon2_fly1","true","true",,,,,,,
,"attack","true",1,2,"dragon2_fly1","true","true",,,,,,,
,,"true",1,2,"dragon2_fly1","true","true",,,,,,,
,"celebrate","true",4,,"dragon2_fly1","true","true",,,,,,,
,,"true",1,,"dragon2_fly1","true","true",,,,,,,
,"die","false",1,,"barbarian_death_1","false","true",,,,,,,
"Dragon3",,,,,,,,,,,,,,
,"Name","HasDirections","VariationWeight","ActionFrame","ExportName","Looping","StopToLast",,,,,,,
,"String","boolean","int","int","String","boolean","boolean",,,,,,,
,"walk","true",,,"dragon3_fly1","true","true",,,,,,,
,"idle","true",10,,"dragon3_fly1","true","true",,,,,,,
,,"true",2,,"dragon3_fly1","true","true",,,,,,,
,"attack","true",1,2,"dragon3_fly1","true","true",,,,,,,
,,"true",1,2,"dragon3_fly1","true","true",,,,,,,
,"celebrate","true",4,,"dragon3_fly1","true","true",,,,,,,
,,"true",1,,"dragon3_fly1","true","true",,,,,,,
,"die","false",1,,"barbarian_death_1","false","true",,,,,,,
"Dragon4",,,,,,,,,,,,,,
,"Name","HasDirections","VariationWeight","ActionFrame","ExportName","Looping","StopToLast",,,,,,,
,"String","boolean","int","int","String","boolean","boolean",,,,,,,
,"walk","true",,,"dragon4_fly1","true","true",,,,,,,
,"idle","true",10,,"dragon4_fly1","true","true",,,,,,,
,,"true",2,,"dragon4_fly1","true","true",,,,,,,
,"attack","true",1,2,"dragon4_fly1","true","true",,,,,,,
,,"true",1,2,"dragon4_fly1","true","true",,,,,,,
,"celebrate","true",4,,"dragon4_fly1","true","true",,,,,,,
,,"true",1,,"dragon4_fly1","true","true",,,,,,,
,"die","false",1,,"barbarian_death_1","false","true",,,,,,,
"Dragon5",,,,,,,,,,,,,,
,"Name","HasDirections","VariationWeight","ActionFrame","ExportName","Looping","StopToLast",,,,,,,
,"String","boolean","int","int","String","boolean","boolean",,,,,,,
,"walk","true",,,"dragon5_fly1","true","true",,,,,,,
,"idle","true",10,,"dragon5_fly1","true","true",,,,,,,
,"attack","true",1,2,"dragon5_fly1","true","true",,,,,,,
,"celebrate","true",4,,"dragon5_fly1","true","true",,,,,,,
,"die","false",1,,"barbarian_death_1","false","true",,,,,,,
"Goblin",,,,,,,,,,,,,,
,"Name","HasDirections","VariationWeight","ActionFrame","ExportName","Looping","StopToLast",,,,,,,
,"String","boolean","int","int","String","boolean","boolean",,,,,,,
,"walk","true",,,"goblin1_run1","true","true",,,,,,,
,"idle","true",1,,"goblin1_idle1","true","true",,,,,,,
,,"true",1,,"goblin1_idle1","true","true",,,,,,,
,"attack","true",1,10,"goblin1_attack1","false","true",,,,,,,
,,"true",5,10,"goblin1_attack1","false","true",,,,,,,
,"celebrate","false",4,,"goblin1_idle1_2","true","true",,,,,,,
,,"false",1,,"goblin1_idle1_2","true","true",,,,,,,
,"die","false",1,,"barbarian_death_1","false","true",,,,,,,
"Goblin2",,,,,,,,,,,,,,
,"Name","HasDirections","VariationWeight","ActionFrame","ExportName","Looping","StopToLast",,,,,,,
,"String","boolean","int","int","String","boolean","boolean",,,,,,,
,"walk","true",,,"goblin2_run1","true","true",,,,,,,
,"idle","true",1,,"goblin2_idle1","true","true",,,,,,,
,,"true",1,,"goblin2_idle1","true","true",,,,,,,
,"attack","true",1,10,"goblin2_attack1","false","true",,,,,,,
,,"true",5,10,"goblin2_attack1","false","true",,,,,,,
,"celebrate","false",4,,"goblin2_idle1_2","true","true",,,,,,,
,,"false",1,,"goblin2_idle1_2","true","true",,,,,,,
,"die","false",1,,"barbarian_death_1","false","true",,,,,,,
"Goblin3",,,,,,,,,,,,,,
,"Name","HasDirections","VariationWeight","ActionFrame","ExportName","Looping","StopToLast",,,,,,,
,"String","boolean","int","int","String","boolean","boolean",,,,,,,
,"walk","true",,,"goblin3_run1","true","true",,,,,,,
,"idle","true",1,,"goblin3_idle1","true","true",,,,,,,
,,"true",1,,"goblin3_idle1","true","true",,,,,,,
,"attack","true",1,10,"goblin3_attack1","false","true",,,,,,,
,,"true",5,10,"goblin3_attack1","false","true",,,,,,,
,"celebrate","false",4,,"goblin3_idle1_2","true","true",,,,,,,
,,"false",1,,"goblin3_idle1_2","true","true",,,,,,,
,"die","false",1,,"barbarian_death_1","false","true",,,,,,,
"Goblin6",,,,,,,,,,,,,,
,"Name","HasDirections","VariationWeight","ActionFrame","ExportName","Looping","StopToLast",,,,,,,
,"String","boolean","int","int","String","boolean","boolean",,,,,,,
,"walk","true",,,"goblin6_run1","true","true",,,,,,,
,"idle","true",1,,"goblin6_idle1","true","true",,,,,,,
,"attack","true",1,10,"goblin6_attack1","false","true",,,,,,,
,"celebrate","false",1,,"goblin6_idle1_2","true","true",,,,,,,
,"die","false",1,,"barbarian_death_1","false","true",,,,,,,
"Goblin7",,,,,,,,,,,,,,
,"Name","HasDirections","VariationWeight","ActionFrame","ExportName","Looping","StopToLast",,,,,,,
,"String","boolean","int","int","String","boolean","boolean",,,,,,,
,"walk","true",,,"goblin7_run1","true","true",,,,,,,
,"idle","true",1,,"goblin7_idle1","true","true",,,,,,,
,"attack","true",1,10,"goblin7_attack1","false","true",,,,,,,
,"celebrate","false",1,,"goblin7_idle1_2","true","true",,,,,,,
,"die","false",1,,"barbarian_death_1","false","true",,,,,,,
"Wall Breaker",,,,,,,,,,,,,,
,"Name","HasDirections","VariationWeight","ActionFrame","ExportName","Looping","StopToLast",,,,,,,
,"String","boolean","int","int","String","boolean","boolean",,,,,,,
,"walk","true",,,"skeleton_run","true","true",,,,,,,
,"idle","true",1,,"skeleton_idle1","true","true",,,,,,,
,,"true",1,,"skeleton_idle1","true","true",,,,,,,
,"attack","true",1,10,"skeleton_attack1","false","true",,,,,,,
,,"true",5,10,"skeleton_attack1","false","true",,,,,,,
,"celebrate","true",4,,"skeleton_idle1","true","true",,,,,,,
,,"true",1,,"skeleton_idle1","true","true",,,,,,,
,"die","false",1,,"barbarian_death_1","false","true",,,,,,,
"Wall Breaker2",,,,,,,,,,,,,,
,"Name","HasDirections","VariationWeight","ActionFrame","ExportName","Looping","StopToLast",,,,,,,
,"String","boolean","int","int","String","boolean","boolean",,,,,,,
,"walk","true",,,"skeleton2_run","true","true",,,,,,,
,"idle","true",1,,"skeleton2_idle1","true","true",,,,,,,
,,"true",1,,"skeleton2_idle1","true","true",,,,,,,
,"attack","true",1,10,"skeleton2_attack1","false","true",,,,,,,
,,"true",5,10,"skeleton2_attack1","false","true",,,,,,,
,"celebrate","true",4,,"skeleton2_idle1","true","true",,,,,,,
,,"true",1,,"skeleton2_idle1","true","true",,,,,,,
,"die","false",1,,"barbarian_death_1","false","true",,,,,,,
"Wall Breaker3",,,,,,,,,,,,,,
,"Name","HasDirections","VariationWeight","ActionFrame","ExportName","Looping","StopToLast",,,,,,,
,"String","boolean","int","int","String","boolean","boolean",,,,,,,
,"walk","true",,,"skeleton3_run","true","true",,,,,,,
,"idle","true",1,,"skeleton3_idle1","true","true",,,,,,,
,,"true",1,,"skeleton3_idle1","true","true",,,,,,,
,"attack","true",1,10,"skeleton3_attack1","false","true",,,,,,,
,,"true",5,10,"skeleton3_attack1","false","true",,,,,,,
,"celebrate","true",4,,"skeleton3_idle1","true","true",,,,,,,
,,"true",1,,"skeleton3_idle1","true","true",,,,,,,
,"die","false",1,,"barbarian_death_1","false","true",,,,,,,
"Wall Breaker6",,,,,,,,,,,,,,
,"Name","HasDirections","VariationWeight","ActionFrame","ExportName","Looping","StopToLast",,,,,,,
,"String","boolean","int","int","String","boolean","boolean",,,,,,,
,"walk","true",,,"skeleton6_run","true","true",,,,,,,
,"idle","true",1,,"skeleton6_idle1","true","true",,,,,,,
,"attack","true",1,10,"skeleton6_attack1","false","true",,,,,,,
,"celebrate","true",4,,"skeleton6_idle1","true","true",,,,,,,
,"die","false",1,,"barbarian_death_1","false","true",,,,,,,
"Balloon Goblin",,,,,,,,,,,,,,
,"Name","HasDirections","VariationWeight","ActionFrame","ExportName","Looping","StopToLast",,,,,,,
,"String","boolean","int","int","String","boolean","boolean",,,,,,,
,"walk","false",,,"balloon1_idle1","true","true",,,,,,,
,"idle","false",1,,"balloon1_idle1","true","true",,,,,,,
,,"false",1,,"balloon1_idle1","true","true",,,,,,,
,"attack","false",1,34,"balloon1_attack1","false","true",,,,,,,
,,"false",5,34,"balloon1_attack1","false","true",,,,,,,
,"celebrate","false",4,,"balloon1_idle1","true","true",,,,,,,
,,"false",1,,"balloon1_idle1","true","true",,,,,,,
,"die","false",1,,"balloon1_die1","false","true",,,,,,,
"Balloon Goblin2",,,,,,,,,,,,,,
,"Name","HasDirections","VariationWeight","ActionFrame","ExportName","Looping","StopToLast",,,,,,,
,"String","boolean","int","int","String","boolean","boolean",,,,,,,
,"walk","false",,,"balloon2_idle1","true","true",,,,,,,
,"idle","false",1,,"balloon2_idle1","true","true",,,,,,,
,,"false",1,,"balloon2_idle1","true","true",,,,,,,
,"attack","false",1,34,"balloon2_attack1","false","true",,,,,,,
,,"false",5,34,"balloon2_attack1","false","true",,,,,,,
,"celebrate","false",4,,"balloon2_idle1","true","true",,,,,,,
,,"false",1,,"balloon2_idle1","true","true",,,,,,,
,"die","false",1,,"balloon2_die1","false","true",,,,,,,
"Balloon Goblin3",,,,,,,,,,,,,,
,"Name","HasDirections","VariationWeight","ActionFrame","ExportName","Looping","StopToLast",,,,,,,
,"String","boolean","int","int","String","boolean","boolean",,,,,,,
,"walk","false",,,"balloon3_idle1","true","true",,,,,,,
,"idle","false",1,,"balloon3_idle1","true","true",,,,,,,
,,"false",1,,"balloon3_idle1","true","true",,,,,,,
,"attack","false",1,34,"balloon3_attack1","false","true",,,,,,,
,,"false",5,34,"balloon3_attack1","false","true",,,,,,,
,"celebrate","false",4,,"balloon3_idle1","true","true",,,,,,,
,,"false",1,,"balloon3_idle1","true","true",,,,,,,
,"die","false",1,,"balloon3_die1","false","true",,,,,,,
"Balloon Goblin6",,,,,,,,,,,,,,
,"Name","HasDirections","VariationWeight","ActionFrame","ExportName","Looping","StopToLast",,,,,,,
,"String","boolean","int","int","String","boolean","boolean",,,,,,,
,"walk","false",,,"balloon_lvl6_idle1","true","true",,,,,,,
,"idle","false",1,,"balloon_lvl6_idle1","true","true",,,,,,,
,,"false",1,,"balloon_lvl6_idle1","true","true",,,,,,,
,"attack","false",1,34,"balloon_lvl6_attack1","false","true",,,,,,,
,,"false",5,34,"balloon_lvl6_attack1","false","true",,,,,,,
,"celebrate","false",4,,"balloon_lvl6_idle1","true","true",,,,,,,
,,"false",1,,"balloon_lvl6_idle1","true","true",,,,,,,
,"die","false",1,,"balloon_lvl6_die1","false","true",,,,,,,
"Balloon Goblin7",,,,,,,,,,,,,,
,"Name","HasDirections","VariationWeight","ActionFrame","ExportName","Looping","StopToLast",,,,,,,
,"String","boolean","int","int","String","boolean","boolean",,,,,,,
,"walk","false",,,"balloon_lvl7_idle1","true","true",,,,,,,
,"idle","false",1,,"balloon_lvl7_idle1","true","true",,,,,,,
,,"false",1,,"balloon_lvl7_idle1","true","true",,,,,,,
,"attack","false",1,34,"balloon_lvl7_attack1","false","true",,,,,,,
,,"false",5,34,"balloon_lvl7_attack1","false","true",,,,,,,
,"celebrate","false",4,,"balloon_lvl7_idle1","true","true",,,,,,,
,,"false",1,,"balloon_lvl7_idle1","true","true",,,,,,,
,"die","false",1,,"balloon_lvl7_die1","false","true",,,,,,,
"Healer",,,,,,,,,,,,,,
,"Name","HasDirections","VariationWeight","ActionFrame","ExportName","Looping","StopToLast",,,,,,,
,"String","boolean","int","int","String","boolean","boolean",,,,,,,
,"walk","true",,,"healer1_run1","true","true",,,,,,,
,"idle","true",10,,"healer1_idle1","true","true",,,,,,,
,"attack","true",1,10,"healer1_attack1","true","true",,,,,,,
,"celebrate","true",1,,"healer1_idle1","true","true",,,,,,,
,"die","false",1,,"barbarian_death_1","false","true",,,,,,,
"Healer2",,,,,,,,,,,,,,
,"Name","HasDirections","VariationWeight","ActionFrame","ExportName","Looping","StopToLast",,,,,,,
,"String","boolean","int","int","String","boolean","boolean",,,,,,,
,"walk","true",,,"healer2_run1","true","true",,,,,,,
,"idle","true",10,,"healer2_idle1","true","true",,,,,,,
,"attack","true",1,10,"healer2_attack1","true","true",,,,,,,
,"celebrate","true",1,,"healer2_idle1","true","true",,,,,,,
,"die","false",1,,"barbarian_death_1","false","true",,,,,,,
"Wizard",,,,,,,,,,,,,,
,"Name","HasDirections","VariationWeight","ActionFrame","ExportName","Looping","StopToLast",,,,,,,
,"String","boolean","int","int","String","boolean","boolean",,,,,,,
,"walk","true",,,"wizard1_run1","true","true",,,,,,,
,"idle","true",10,,"wizard1_idle1","true","true",,,,,,,
,"attack","true",1,14,"wizard1_attack1","false","true",,,,,,,
,"celebrate","true",1,,"wizard1_idle1","true","true",,,,,,,
,"die","false",1,,"barbarian_death_1","false","true",,,,,,,
"Wizard2",,,,,,,,,,,,,,
,"Name","HasDirections","VariationWeight","ActionFrame","ExportName","Looping","StopToLast",,,,,,,
,"String","boolean","int","int","String","boolean","boolean",,,,,,,
,"walk","true",,,"wizard2_run1","true","true",,,,,,,
,"idle","true",10,,"wizard2_idle1","true","true",,,,,,,
,"attack","true",1,14,"wizard2_attack1","false","true",,,,,,,
,"celebrate","true",1,,"wizard2_idle1","true","true",,,,,,,
,"die","false",1,,"barbarian_death_1","false","true",,,,,,,
"Wizard3",,,,,,,,,,,,,,
,"Name","HasDirections","VariationWeight","ActionFrame","ExportName","Looping","StopToLast",,,,,,,
,"String","boolean","int","int","String","boolean","boolean",,,,,,,
,"walk","true",,,"wizard3_run1","true","true",,,,,,,
,"idle","true",10,,"wizard3_idle1","true","true",,,,,,,
,"attack","true",1,14,"wizard3_attack1","false","true",,,,,,,
,"celebrate","true",1,,"wizard3_idle1","true","true",,,,,,,
,"die","false",1,,"barbarian_death_1","false","true",,,,,,,
"Wizard6",,,,,,,,,,,,,,
,"Name","HasDirections","VariationWeight","ActionFrame","ExportName","Looping","StopToLast",,,,,,,
,"String","boolean","int","int","String","boolean","boolean",,,,,,,
,"walk","true",,,"wizard6_run1","true","true",,,,,,,
,"idle","true",10,,"wizard6_idle1","true","true",,,,,,,
,"attack","true",1,14,"wizard6_attack1","false","true",,,,,,,
,"celebrate","true",1,,"wizard6_idle1","true","true",,,,,,,
,"die","false",1,,"barbarian_death_1","false","true",,,,,,,
"Worker",,,,,,,,,,,,,,
,"Name","HasDirections","VariationWeight","ActionFrame","ExportName","Looping","StopToLast",,,,,,,
,"String","boolean","int","int","String","boolean","boolean",,,,,,,
,"walk","true",,,"worker_walk1","true","true",,,,,,,
,"idle","true",1,,"worker_idle1","true","true",,,,,,,
,,"true",1,,"worker_idle1","true","true",,,,,,,
,,"true",1,,"worker_idle1","true","true",,,,,,,
,"busy","true",1,10,"worker_build1","true","true",,,,,,,
,,"true",1,10,"worker_build2","true","true",,,,,,,
,"work1","false",1,,"worker_heroUpgrade1","true","true",,,,,,,
,"work2","false",1,,"worker_heroUpgrade2","true","true",,,,,,,
,"celebrate","true",1,,"worker_idle3","true","true",,,,,,,
,"die","false",1,,"barbarian_death_1","false","true",,,,,,,
"Villager",,,,,,,,,,,,,,
,"Name","HasDirections","VariationWeight","ActionFrame","ExportName","Looping","StopToLast",,,,,,,
,"String","boolean","int","int","String","boolean","boolean",,,,,,,
,"walk","true",,,"villagergirl_walk1","true","true",,,,,,,
,"idle","true",1,,"villagergirl_idle1","true","true",,,,,,,
,,"true",1,,"villagergirl_idle2","true","true",,,,,,,
,"busy","true",1,10,"villagergirl_idle1","false","true",,,,,,,
,,"true",1,10,"villagergirl_idle2","false","true",,,,,,,
,"celebrate","true",5,,"villagergirl_cheer1","true","true",,,,,,,
,,"true",2,,"villagergirl_idle1","true","true",,,,,,,
,,"true",1,,"villagergirl_idle2","true","true",,,,,,,
,"die","false",1,,"barbarian_death_1","false","true",,,,,,,
"PEKKA",,,,,,,,,,,,,,
,"Name","HasDirections","VariationWeight","ActionFrame","ExportName","Looping","StopToLast",,,,,,,
,"String","boolean","int","int","String","boolean","boolean",,,,,,,
,"walk","true",,,"pekka_walk1","true","true",,,,,,,
,"idle","true",1,,"pekka_idle1","true","true",,,,,,,
,"attack","true",1,12,"pekka_attack1","false","true",,,,,,,
,"celebrate","true",1,,"pekka_idle1","true","true",,,,,,,
,"die","false",1,,"barbarian_death_1","false","true",,,,,,,
"PEKKA2",,,,,,,,,,,,,,
,"Name","HasDirections","VariationWeight","ActionFrame","ExportName","Looping","StopToLast",,,,,,,
,"String","boolean","int","int","String","boolean","boolean",,,,,,,
,"walk","true",,,"pekka2_walk1","true","true",,,,,,,
,"idle","true",1,,"pekka2_idle1","true","true",,,,,,,
,"attack","true",1,12,"pekka2_attack1","false","true",,,,,,,
,"celebrate","true",1,,"pekka2_idle1","true","true",,,,,,,
,"die","false",1,,"barbarian_death_1","false","true",,,,,,,
"PEKKA3",,,,,,,,,,,,,,
,"Name","HasDirections","VariationWeight","ActionFrame","ExportName","Looping","StopToLast","ColorMulR","ColorMulG","ColorMulB","ColorAddR","ColorAddG","ColorAddB","Scale"
,"String","boolean","int","int","String","boolean","boolean","int","int","int","int","int","int","int"
,"walk","true",,,"pekka2_walk1","true","true",178,127,102,15,10,0,120
,"idle","true",1,,"pekka2_idle1","true","true",178,127,102,15,10,0,120
,"attack","true",1,12,"pekka2_attack1","false","true",178,127,102,15,10,0,120
,"celebrate","true",1,,"pekka2_idle1","true","true",178,127,102,15,10,0,120
,"die","false",1,,"barbarian_death_1","false","true",,,,,,,200
"PEKKA4",,,,,,,,,,,,,,
,"Name","HasDirections","VariationWeight","ActionFrame","ExportName","Looping","StopToLast","ColorMulR","ColorMulG","ColorMulB","ColorAddR","ColorAddG","ColorAddB","Scale"
,"String","boolean","int","int","String","boolean","boolean","int","int","int","int","int","int","int"
,"walk","true",,,"pekka4_walk1","true","true",255,255,255,0,0,0,100
,"idle","true",1,,"pekka4_idle1","true","true",255,255,255,0,0,0,100
,"attack","true",1,12,"pekka4_attack1","false","true",255,255,255,0,0,0,100
,,"true",1,10,"pekka4_attack2","false","true",255,255,255,0,0,0,100
,"celebrate","true",1,,"pekka4_idle1","true","true",255,255,255,0,0,0,100
,"die","false",1,,"barbarian_death_1","false","true",,,,,,,200
"PEKKA5",,,,,,,,,,,,,,
,"Name","HasDirections","VariationWeight","ActionFrame","ExportName","Looping","StopToLast","ColorMulR","ColorMulG","ColorMulB","ColorAddR","ColorAddG","ColorAddB","Scale"
,"String","boolean","int","int","String","boolean","boolean","int","int","int","int","int","int","int"
,"walk","true",,,"pekka5_walk1","true","true",255,255,255,0,0,0,125
,"idle","true",1,,"pekka5_idle1","true","true",255,255,255,0,0,0,125
,"attack","true",1,12,"pekka5_attack1","false","true",255,255,255,0,0,0,125
,,"true",1,10,"pekka5_attack2","false","true",255,255,255,0,0,0,125
,"celebrate","true",1,,"pekka5_idle1","true","true",255,255,255,0,0,0,125
,"die","false",1,,"barbarian_death_1","false","true",,,,,,,200
"BarbarianKing_lvl1",,,,,,,,,,,,,,
,"Name","HasDirections","VariationWeight","ActionFrame","ExportName","Looping","StopToLast",,,,,,,
,"String","boolean","int","int","String","boolean","boolean",,,,,,,
,"walk","true",,,"barbKing_lvl1_walk1","true","true",,,,,,,
,"idle","true",1,,"barbKing_lvl1_idle1","true","true",,,,,,,
,"sleep","false",1,,"barbKing_lvl1_sleep1","true","true",,,,,,,
,"attack","true",1,17,"barbKing_lvl1_attack1","false","true",,,,,,,
,,"true",1,15,"barbKing_lvl1_attack2","false","true",,,,,,,
,"celebrate","false",1,23,"barbKing_lvl1_cheer1","false","true",,,,,,,
,"die","false",1,,"barbKing_lvl1_stunned1","true","true",,,,,,,
"BarbarianKing_lvl2",,,,,,,,,,,,,,
,"Name","HasDirections","VariationWeight","ActionFrame","ExportName","Looping","StopToLast",,,,,,,
,"String","boolean","int","int","String","boolean","boolean",,,,,,,
,"walk","true",,,"barbKing_lvl2_walk1","true","true",,,,,,,
,"idle","true",1,,"barbKing_lvl2_idle1","true","true",,,,,,,
,"sleep","false",1,,"barbKing_lvl2_sleep1","true","true",,,,,,,
,"attack","true",1,17,"barbKing_lvl2_attack1","false","true",,,,,,,
,,"true",1,15,"barbKing_lvl2_attack2","false","true",,,,,,,
,"celebrate","false",1,23,"barbKing_lvl2_cheer1","false","true",,,,,,,
,"die","false",1,,"barbKing_lvl2_stunned1","true","true",,,,,,,
"BarbarianKing_lvl3",,,,,,,,,,,,,,
,"Name","HasDirections","VariationWeight","ActionFrame","ExportName","Looping","StopToLast",,,,,,,
,"String","boolean","int","int","String","boolean","boolean",,,,,,,
,"walk","true",,,"barbKing_lvl3_walk1","true","true",,,,,,,
,"idle","true",1,,"barbKing_lvl3_idle1","true","true",,,,,,,
,"sleep","false",1,,"barbKing_lvl3_sleep1","true","true",,,,,,,
,"attack","true",1,17,"barbKing_lvl3_attack1","false","true",,,,,,,
,,"true",1,15,"barbKing_lvl3_attack2","false","true",,,,,,,
,"celebrate","false",1,23,"barbKing_lvl3_cheer1","false","true",,,,,,,
,"die","false",1,,"barbKing_lvl3_stunned1","true","true",,,,,,,
"ArcherQueen_lvl1",,,,,,,,,,,,,,
,"Name","HasDirections","VariationWeight","ActionFrame","ExportName","Looping","StopToLast",,,,,,,
,"String","boolean","int","int","String","boolean","boolean",,,,,,,
,"walk","true",,,"archerQueen_lvl1_run1","true","true",,,,,,,
,"idle","true",1,,"archerQueen_lvl1_idle1","true","true",,,,,,,
,"sleep","false",1,,"archerQueen_lvl1_sleep1","true","true",,,,,,,
,"attack","true",1,6,"archerQueen_lvl1_attack1","false","true",,,,,,,
,"celebrate","false",1,,"archerQueen_lvl1_cheer1_3","false","true",,,,,,,
,"die","false",1,,"archerQueen_lvl1_stunned1","true","true",,,,,,,
"ArcherQueen_lvl2",,,,,,,,,,,,,,
,"Name","HasDirections","VariationWeight","ActionFrame","ExportName","Looping","StopToLast",,,,,,,
,"String","boolean","int","int","String","boolean","boolean",,,,,,,
,"walk","true",,,"archerQueen_lvl2_run1","true","true",,,,,,,
,"idle","true",1,,"archerQueen_lvl2_idle1","true","true",,,,,,,
,"sleep","false",1,,"archerQueen_lvl2_sleep1","true","true",,,,,,,
,"attack","true",1,6,"archerQueen_lvl2_attack1","false","true",,,,,,,
,"celebrate","false",1,,"archerQueen_lvl2_cheer1_3","false","true",,,,,,,
,"die","false",1,,"archerQueen_lvl2_stunned1","true","true",,,,,,,
"ArcherQueen_lvl3",,,,,,,,,,,,,,
,"Name","HasDirections","VariationWeight","ActionFrame","ExportName","Looping","StopToLast",,,,,,,
,"String","boolean","int","int","String","boolean","boolean",,,,,,,
,"walk","true",,,"archerQueen_lvl3_run1","true","true",,,,,,,
,"idle","true",1,,"archerQueen_lvl3_idle1","true","true",,,,,,,
,"sleep","false",1,,"archerQueen_lvl3_sleep1","true","true",,,,,,,
,"attack","true",1,6,"archerQueen_lvl3_attack1","false","true",,,,,,,
,"celebrate","false",1,,"archerQueen_lvl3_cheer1_3","false","true",,,,,,,
,"die","false",1,,"archerQueen_lvl3_stunned1","true","true",,,,,,,
"Gargoyle_lvl1",,,,,,,,,,,,,,
,"Name","HasDirections","VariationWeight","ActionFrame","ExportName","Looping","StopToLast",,,,,,,
,"String","boolean","int","int","String","boolean","boolean",,,,,,,
,"walk","true",,,"Gargoyle1_FastFly","true","true",,,,,,,
,"idle","true",1,,"Gargoyle1_fly","true","true",,,,,,,
,"attack","true",1,8,"Gargoyle1_Attack2","false","true",,,,,,,
,"celebrate","false",,,"Gargoyle1_Attack2_3","false","true",,,,,,,
,"die","false",1,,"barbarian_death_1","true","true",,,,,,,
"Gargoyle_lvl2",,,,,,,,,,,,,,
,"Name","HasDirections","VariationWeight","ActionFrame","ExportName","Looping","StopToLast","ColorMulR","ColorMulG","ColorMulB","ColorAddR","ColorAddG","ColorAddB","Scale"
,"String","boolean","int","int","String","boolean","boolean","int","int","int","int","int","int","int"
,"walk","true",,,"Gargoyle1_FastFly","true","true",256,172,256,0,0,24,100
,"idle","true",1,,"Gargoyle1_fly","true","true",256,172,256,0,0,24,100
,"attack","true",1,8,"Gargoyle1_Attack2","false","true",256,172,256,0,0,24,100
,"celebrate","false",,,"Gargoyle1_Attack2_3","false","true",256,172,256,0,0,24,100
,"die","false",1,,"barbarian_death_1","true","true",,,,,,,100
"Gargoyle_lvl3",,,,,,,,,,,,,,
,"Name","HasDirections","VariationWeight","ActionFrame","ExportName","Looping","StopToLast",,,,,,,
,"String","boolean","int","int","String","boolean","boolean",,,,,,,
,"walk","true",,,"Gargoyle3_FastFly","true","true",,,,,,,
,"idle","true",1,,"Gargoyle3_Fly","true","true",,,,,,,
,"attack","true",1,8,"Gargoyle3_Attack2","false","true",,,,,,,
,"celebrate","false",,,"Gargoyle3_Attack2_3","false","true",,,,,,,
,"die","false",1,,"barbarian_death_1","true","true",,,,,,,
"Gargoyle_lvl4",,,,,,,,,,,,,,
,"Name","HasDirections","VariationWeight","ActionFrame","ExportName","Looping","StopToLast","ColorMulR","ColorMulG","ColorMulB","ColorAddR","ColorAddG","ColorAddB","Scale"
,"String","boolean","int","int","String","boolean","boolean","int","int","int","int","int","int","int"
,"walk","true",,,"Gargoyle4_FastFly","true","true",205,166,205,0,0,0,110
,"idle","true",1,,"Gargoyle4_Fly","true","true",205,166,205,0,0,0,110
,"attack","true",1,8,"Gargoyle4_Attack2","false","true",205,166,205,0,0,0,110
,"celebrate","false",,,"Gargoyle4_Attack2_3","false","true",205,166,205,0,0,0,110
,"die","false",1,,"barbarian_death_1","true","true",,,,,,,100
"Gargoyle_lvl5",,,,,,,,,,,,,,
,"Name","HasDirections","VariationWeight","ActionFrame","ExportName","Looping","StopToLast","ColorMulR","ColorMulG","ColorMulB","ColorAddR","ColorAddG","ColorAddB","Scale"
,"String","boolean","int","int","String","boolean","boolean","int","int","int","int","int","int","int"
,"walk","true",,,"Gargoyle5_FastFly","true","true",215,166,205,30,0,0,115
,"idle","true",1,,"Gargoyle5_Fly","true","true",215,166,205,30,0,0,115
,"attack","true",1,8,"Gargoyle5_Attack2","false","true",215,166,205,30,0,0,115
,"celebrate","false",,,"Gargoyle5_Attack2_3","false","true",215,166,205,30,0,0,115
,"die","false",1,,"barbarian_death_1","true","true",,,,,,,100
"BoarRider_lvl1",,,,,,,,,,,,,,
,"Name","HasDirections","VariationWeight","ActionFrame","ExportName","Looping","StopToLast",,,,,,,
,"String","boolean","int","int","String","boolean","boolean",,,,,,,
,"walk","true",,,"BoarRider1_Run1","true","true",,,,,,,
,"idle","false",1,,"BoarRider1_Idle1_3","true","true",,,,,,,
,"attack","true",1,11,"BoarRider1_Attack1","false","true",,,,,,,
,"celebrate","false",,,"BoarRider1_Run1_3","true","true",,,,,,,
,"die","false",1,,"barbarian_death_1","false","true",,,,,,,
"BoarRider_lvl2",,,,,,,,,,,,,,
,"Name","HasDirections","VariationWeight","ActionFrame","ExportName","Looping","StopToLast",,,,,,,
,"String","boolean","int","int","String","boolean","boolean",,,,,,,
,"walk","true",,,"BoarRider2_Run1","true","true",,,,,,,
,"idle","false",1,,"BoarRider2_Idle1_3","true","true",,,,,,,
,"attack","true",1,11,"BoarRider2_Attack1","false","true",,,,,,,
,"celebrate","false",,,"BoarRider2_Run1_3","true","true",,,,,,,
,"die","false",1,,"barbarian_death_1","false","true",,,,,,,
"BoarRider_lvl3",,,,,,,,,,,,,,
,"Name","HasDirections","VariationWeight","ActionFrame","ExportName","Looping","StopToLast",,,,,,,
,"String","boolean","int","int","String","boolean","boolean",,,,,,,
,"walk","true",,,"BoarRider3_Run1","true","true",,,,,,,
,"idle","false",1,,"BoarRider3_Idle1_3","true","true",,,,,,,
,"attack","true",1,11,"BoarRider3_Attack1","false","true",,,,,,,
,"celebrate","false",,,"BoarRider3_Run1_3","true","true",,,,,,,
,"die","false",1,,"barbarian_death_1","false","true",,,,,,,
"BoarRider_lvl4",,,,,,,,,,,,,,
,"Name","HasDirections","VariationWeight","ActionFrame","ExportName","Looping","StopToLast",,,,,,,
,"String","boolean","int","int","String","boolean","boolean",,,,,,,
,"walk","true",,,"BoarRider4_Run1","true","true",,,,,,,
,"idle","false",1,,"BoarRider4_Idle1_3","true","true",,,,,,,
,"attack","true",1,11,"BoarRider4_Attack1","false","true",,,,,,,
,"celebrate","false",,,"BoarRider4_Run1_3","true","true",,,,,,,
,"die","false",1,,"barbarian_death_1","false","true",,,,,,,
"WarriorGirl_lvl1",,,,,,,,,,,,,,
,"Name","HasDirections","VariationWeight","ActionFrame","ExportName","Looping","StopToLast","ColorMulR","ColorMulG","ColorMulB","ColorAddR","ColorAddG","ColorAddB","Scale"
,"String","boolean","int","int","String","boolean","boolean","int","int","int","int","int","int","int"
,"walk","true",,,"WarriorGirl_lvl1_Run1","true","true",,,,,,,100
,"idle","false",1,,"WarriorGirl_lvl1_Idle1_3","true","true",,,,,,,100
,"attack","true",1,10,"WarriorGirl_lvl1_Attack1","false","true",,,,,,,100
,"celebrate","false",,,"WarriorGirl_lvl1_Idle1_3","false","true",,,,,,,100
,"die","false",1,,"barbarian_death_1","false","true",,,,,,,100
"WarriorGirl_lvl2",,,,,,,,,,,,,,
,"Name","HasDirections","VariationWeight","ActionFrame","ExportName","Looping","StopToLast","ColorMulR","ColorMulG","ColorMulB","ColorAddR","ColorAddG","ColorAddB","Scale"
,"String","boolean","int","int","String","boolean","boolean","int","int","int","int","int","int","int"
,"walk","true",,,"WarriorGirl_lvl2_Run1","true","true",,,,,,,100
,"idle","false",1,,"WarriorGirl_lvl2_Idle1_3","true","true",,,,,,,100
,"attack","true",1,10,"WarriorGirl_lvl2_Attack1","false","true",,,,,,,100
,"celebrate","false",,,"WarriorGirl_lvl2_Idle1_3","false","true",,,,,,,100
,"die","false",1,,"barbarian_death_1","false","true",,,,,,,100
"WarriorGirl_lvl3",,,,,,,,,,,,,,
,"Name","HasDirections","VariationWeight","ActionFrame","ExportName","Looping","StopToLast","ColorMulR","ColorMulG","ColorMulB","ColorAddR","ColorAddG","ColorAddB","Scale"
,"String","boolean","int","int","String","boolean","boolean","int","int","int","int","int","int","int"
,"walk","true",,,"WarriorGirl_lvl3_Run1","true","true",,,,,,,100
,"idle","false",1,,"WarriorGirl_lvl3_Idle1_3","true","true",,,,,,,100
,"attack","true",1,10,"WarriorGirl_lvl3_Attack1","false","true",,,,,,,100
,"celebrate","false",,,"WarriorGirl_lvl3_Idle1_3","false","true",,,,,,,100
,"die","false",1,,"barbarian_death_1","false","true",,,,,,,100
"GolemSmall_lvl1",,,,,,,,,,,,,,
,"Name","HasDirections","VariationWeight","ActionFrame","ExportName","Looping","StopToLast","ColorMulR","ColorMulG","ColorMulB","ColorAddR","ColorAddG","ColorAddB","Scale"
,"String","boolean","int","int","String","boolean","boolean","int","int","int","int","int","int","int"
,"walk","true",,,"golem_lvl1_walk1","true","true",,,,,,,75
,"idle","true",,,"golem_lvl1_idle1","true","true",,,,,,,75
,"attack","true",,11,"golem_lvl1_attack1","false","true",,,,,,,75
,"celebrate","true",,,"golem_lvl1_attack1","true","true",,,,,,,75
,"die","false",,,"barbarian_death_1","false","true",,,,,,,
"GolemSmall_lvl2",,,,,,,,,,,,,,
,"Name","HasDirections","VariationWeight","ActionFrame","ExportName","Looping","StopToLast","ColorMulR","ColorMulG","ColorMulB","ColorAddR","ColorAddG","ColorAddB","Scale"
,"String","boolean","int","int","String","boolean","boolean","int","int","int","int","int","int","int"
,"walk","true",,,"golem_lvl2_walk1","true","true",,,,,,,75
,"idle","true",,,"golem_lvl2_idle1","true","true",,,,,,,75
,"attack","true",,11,"golem_lvl2_attack1","false","true",,,,,,,75
,"celebrate","true",,,"golem_lvl2_attack1","true","true",,,,,,,75
,"die","false",,,"barbarian_death_1","false","true",,,,,,,
"GolemSmall_lvl3",,,,,,,,,,,,,,
,"Name","HasDirections","VariationWeight","ActionFrame","ExportName","Looping","StopToLast","ColorMulR","ColorMulG","ColorMulB","ColorAddR","ColorAddG","ColorAddB","Scale"
,"String","boolean","int","int","String","boolean","boolean","int","int","int","int","int","int","int"
,"walk","true",,,"golem_lvl3_walk1","true","true",,,,,,,75
,"idle","true",,,"golem_lvl3_idle1","true","true",,,,,,,75
,"attack","true",,11,"golem_lvl3_attack1","false","true",,,,,,,75
,"celebrate","true",,,"golem_lvl3_attack1","true","true",,,,,,,75
,"die","false",,,"barbarian_death_1","false","true",,,,,,,
"Golem_lvl1",,,,,,,,,,,,,,
,"Name","HasDirections","VariationWeight","ActionFrame","ExportName","Looping","StopToLast","ColorMulR","ColorMulG","ColorMulB","ColorAddR","ColorAddG","ColorAddB","Scale"
,"String","boolean","int","int","String","boolean","boolean","int","int","int","int","int","int","int"
,"walk","true",,,"golem_lvl1_walk1","true","true",,,,,,,120
,"idle","true",,,"golem_lvl1_idle1","true","true",,,,,,,120
,"attack","true",,11,"golem_lvl1_attack1","false","true",,,,,,,120
,"celebrate","true",,,"golem_lvl1_idle1","true","true",,,,,,,120
,"die","false",,,"barbarian_death_1","false","true",,,,,,,
"Golem_lvl2",,,,,,,,,,,,,,
,"Name","HasDirections","VariationWeight","ActionFrame","ExportName","Looping","StopToLast","ColorMulR","ColorMulG","ColorMulB","ColorAddR","ColorAddG","ColorAddB","Scale"
,"String","boolean","int","int","String","boolean","boolean","int","int","int","int","int","int","int"
,"walk","true",,,"golem_lvl2_walk1","true","true",,,,,,,120
,"idle","true",,,"golem_lvl2_idle1","true","true",,,,,,,120
,"attack","true",,11,"golem_lvl2_attack1","false","true",,,,,,,120
,"celebrate","true",,,"golem_lvl2_idle1","true","true",,,,,,,120
,"die","false",,,"barbarian_death_1","false","true",,,,,,,
"Golem_lvl3",,,,,,,,,,,,,,
,"Name","HasDirections","VariationWeight","ActionFrame","ExportName","Looping","StopToLast","ColorMulR","ColorMulG","ColorMulB","ColorAddR","ColorAddG","ColorAddB","Scale"
,"String","boolean","int","int","String","boolean","boolean","int","int","int","int","int","int","int"
,"walk","true",,,"golem_lvl3_walk1","true","true",,,,,,,120
,"idle","true",,,"golem_lvl3_idle1","true","true",,,,,,,120
,"attack","true",,11,"golem_lvl3_attack1","false","true",,,,,,,120
,"celebrate","true",,,"golem_lvl3_idle1","true","true",,,,,,,120
,"die","false",,,"barbarian_death_1","false","true",,,,,,,
"Necromancer_lvl1",,,,,,,,,,,,,,
,"Name","HasDirections","VariationWeight","ActionFrame","ExportName","Looping","StopToLast",,,,,,,
,"String","boolean","int","int","String","boolean","boolean",,,,,,,
,"walk","true",,,"necromancer_lvl1_run","true","true",,,,,,,
,"idle","true",,,"necromancer_lvl1_idle1","true","true",,,,,,,
,"attack","true",,9,"necromancer_lvl1_attack1","false","true",,,,,,,
,"celebrate","true",,,"necromancer_lvl1_idle1","true","true",,,,,,,
,"die","false",,,"barbarian_death_1","false","true",,,,,,,
,"attack2","true",,22,"necromancer_lvl1_summon","false","true",,,,,,,
"Necromancer_lvl2",,,,,,,,,,,,,,
,"Name","HasDirections","VariationWeight","ActionFrame","ExportName","Looping","StopToLast",,,,,,,
,"String","boolean","int","int","String","boolean","boolean",,,,,,,
,"walk","true",,,"necromancer_lvl2_run","true","true",,,,,,,
,"idle","true",,,"necromancer_lvl2_idle1","true","true",,,,,,,
,"attack","true",,9,"necromancer_lvl2_attack1","false","true",,,,,,,
,"celebrate","true",,,"necromancer_lvl2_idle1","true","true",,,,,,,
,"die","false",,,"barbarian_death_1","false","true",,,,,,,
,"attack2","true",,22,"necromancer_lvl2_summon","false","true",,,,,,,
"Skeleton",,,,,,,,,,,,,,
,"Name","HasDirections","VariationWeight","ActionFrame","ExportName","Looping","StopToLast",,,,,,,
,"String","boolean","int","int","String","boolean","boolean",,,,,,,
,"walk","true",,,"skele_warrior1_run1","true","true",,,,,,,
,"idle","true",1,,"skele_warrior1_idle1","true","true",,,,,,,
,"attack","true",,8,"skele_warrior1_attack1","false","true",,,,,,,
,"die","false",,,"barbarian_death_1","false","true",,,,,,,
,"spawn","false",,,"skele_warrior1_spawn1_3","false","true",,,,,,,
"AirTank_old",,,,,,,,,,,,,,
,"Name","HasDirections","VariationWeight","ActionFrame","ExportName","Looping","StopToLast",,,,,,,
,"String","boolean","int","int","String","boolean","boolean",,,,,,,
,"walk","true",,,"chariot1_idle","true","true",,,,,,,
,"idle","true",1,,"chariot1_idle","true","true",,,,,,,
,"attack","true",1,,"chariot1_idle","false","true",,,,,,,
,"celebrate","true",4,,"chariot1_idle","true","true",,,,,,,
,"die","false",1,,"balloon1_die1","false","true",,,,,,,
"AirTank",,,,,,,,,,,,,,
,"Name","HasDirections","VariationWeight","ActionFrame","ExportName","Looping","StopToLast",,,,,,,
,"String","boolean","int","int","String","boolean","boolean",,,,,,,
,"walk","false",,,"Stone_Gargoyle1_fly_1","true","true",,,,,,,
,"idle","false",1,,"Stone_Gargoyle1_fly_1","true","true",,,,,,,
,"attack","false",1,,"Stone_Gargoyle1_fly_1","false","true",,,,,,,
,"celebrate","false",4,,"Stone_Gargoyle1_fly_1","true","true",,,,,,,
,"die","false",1,,"balloon1_die1","false","true",,,,,,,
"ADSeeker_lvl1",,,,,,,,,,,,,,
,"Name","HasDirections","VariationWeight","ActionFrame","ExportName","Looping","StopToLast","ColorMulR","ColorMulG","ColorMulB","ColorAddR","ColorAddG","ColorAddB","Scale"
,"String","boolean","int","int","String","boolean","boolean","int","int","int","int","int","int","int"
,"walk","true",,,"Stone_Gargoyle1_fly","true","true",,,,,,,90
,"idle","true",1,,"Stone_Gargoyle1_fly","true","true",,,,,,,90
,"attack","true",1,,"Stone_Gargoyle1_fly","false","true",,,,,,,90
,"celebrate","false",4,,"Stone_Gargoyle1_fly_1","true","true",,,,,,,90
,"die","false",1,,"barbarian_death_1","true","true",,,,,,,
"ADSeeker_lvl2",,,,,,,,,,,,,,
,"Name","HasDirections","VariationWeight","ActionFrame","ExportName","Looping","StopToLast","ColorMulR","ColorMulG","ColorMulB","ColorAddR","ColorAddG","ColorAddB","Scale"
,"String","boolean","int","int","String","boolean","boolean","int","int","int","int","int","int","int"
,"walk","true",,,"Stone_Gargoyle1_fly","true","true",,,,,,,95
,"idle","true",1,,"Stone_Gargoyle1_fly","true","true",,,,,,,95
,"attack","true",1,,"Stone_Gargoyle1_fly","false","true",,,,,,,95
,"celebrate","false",4,,"Stone_Gargoyle1_fly_1","true","true",,,,,,,95
,"die","false",1,,"barbarian_death_1","true","true",,,,,,,
"ADSeeker_lvl3",,,,,,,,,,,,,,
,"Name","HasDirections","VariationWeight","ActionFrame","ExportName","Looping","StopToLast","ColorMulR","ColorMulG","ColorMulB","ColorAddR","ColorAddG","ColorAddB","Scale"
,"String","boolean","int","int","String","boolean","boolean","int","int","int","int","int","int","int"
,"walk","true",,,"Stone_Gargoyle3_fly","true","true",,,,,,,100
,"idle","true",1,,"Stone_Gargoyle3_fly","true","true",,,,,,,100
,"attack","true",1,,"Stone_Gargoyle3_fly","false","true",,,,,,,100
,"celebrate","false",4,,"Stone_Gargoyle3_fly_1","true","true",,,,,,,100
,"die","false",1,,"barbarian_death_1","true","true",,,,,,,
"ADSeeker_lvl4",,,,,,,,,,,,,,
,"Name","HasDirections","VariationWeight","ActionFrame","ExportName","Looping","StopToLast","ColorMulR","ColorMulG","ColorMulB","ColorAddR","ColorAddG","ColorAddB","Scale"
,"String","boolean","int","int","String","boolean","boolean","int","int","int","int","int","int","int"
,"walk","true",,,"Stone_Gargoyle3_fly","true","true",,,,,,,100
,"idle","true",1,,"Stone_Gargoyle3_fly","true","true",,,,,,,100
,"attack","true",1,,"Stone_Gargoyle3_fly","false","true",,,,,,,100
,"celebrate","false",4,,"Stone_Gargoyle3_fly_1","true","true",,,,,,,100
,"die","false",1,,"barbarian_death_1","true","true",,,,,,,
"ADSeeker_lvl5",,,,,,,,,,,,,,
,"Name","HasDirections","VariationWeight","ActionFrame","ExportName","Looping","StopToLast","ColorMulR","ColorMulG","ColorMulB","ColorAddR","ColorAddG","ColorAddB","Scale"
,"String","boolean","int","int","String","boolean","boolean","int","int","int","int","int","int","int"
,"walk","true",,,"Stone_Gargoyle4_fly","true","true",,,,,,,100
,"idle","true",1,,"Stone_Gargoyle4_fly","true","true",,,,,,,100
,"attack","true",1,,"Stone_Gargoyle4_fly","false","true",,,,,,,100
,"celebrate","false",4,,"Stone_Gargoyle4_fly_1","true","true",,,,,,,100
,"die","false",1,,"barbarian_death_1","true","true",,,,,,,
"TinyBaby_lvl1",,,,,,,,,,,,,,
,"Name","HasDirections","VariationWeight","ActionFrame","ExportName","Looping","StopToLast","ColorMulR","ColorMulG","ColorMulB","ColorAddR","ColorAddG","ColorAddB","Scale"
,"String","boolean","int","int","String","boolean","boolean","int","int","int","int","int","int","int"
,"walk","true",1,,"tinybaby_lvl1_fly","true","true",,,,,,,70
,"idle","true",1,,"tinybaby_lvl1_fly","true","true",,,,,,,70
,"attack","true",1,,"tinybaby_lvl1_fly","false","true",,,,,,,70
,"celebrate","false",4,,"tinybaby_lvl1_fly_1","false","true",,,,,,,70
,"die","false",1,,"barbarian_death_1","true","true",,,,,,,100
"Airskeleton",,,,,,,,,,,,,,
,"Name","HasDirections","VariationWeight","ActionFrame","ExportName","Looping","StopToLast",,,,,,,
,"String","boolean","int","int","String","boolean","boolean",,,,,,,
,"walk","true",1,,"air_skeleton_idle_height1","true","true",,,,,,,
,"idle","true",1,,"air_skeleton_idle_height1","true","true",,,,,,,
,"attack","true",1,,"air_skeleton_attack_height1","false","true",,,,,,,
,"celebrate","false",4,,"air_skeleton_idle_height1_3","false","true",,,,,,,
,"die","false",1,,"barbarian_death_1","true","true",,,,,,,
,"spawn","true",,,"air_skeleton_spawn1","false","true",,,,,,,
"Prototype_Ghost",,,,,,,,,,,,,,
,"Name","HasDirections","VariationWeight","ActionFrame","ExportName","Looping","StopToLast","ColorMulR","ColorMulG","ColorMulB","ColorAddR","ColorAddG","ColorAddB","Scale"
,"String","boolean","int","int","String","boolean","boolean","int","int","int","int","int","int","int"
,"walk","false",,,"barbarian_death_1","true","true",255,255,255,,,,300
,"idle","false",1,,"barbarian_death_1","true","true",255,255,255,,,,300
,"attack","false",1,11,"barbarian_death_1","true","true",255,255,255,,,,300
,"celebrate","false",1,,"barbarian_death_1","true","true",255,255,255,,,,300
,"die","false",1,,"barbarian_death_1","true","true",255,255,255,,,,300
,"spawn","false",1,,"barbarian_death_1","true","true",255,255,255,,,,300
"prototype_bee",,,,,,,,,,,,,,
,"Name","HasDirections","VariationWeight","ActionFrame","ExportName","Looping","StopToLast","ColorMulR","ColorMulG","ColorMulB","ColorAddR","ColorAddG","ColorAddB","Scale"
,"String","boolean","int","int","String","boolean","boolean","int","int","int","int","int","int","int"
,"walk","true",,,"Gargoyle1_FastFly","true","true",205,166,205,0,0,0,50
,"idle","true",1,,"Gargoyle1_fly","true","true",205,166,205,0,0,0,50
,"attack","true",1,8,"Gargoyle1_Attack2","false","true",205,166,205,0,0,0,50
,"celebrate","false",,,"Gargoyle1_Attack2_3","false","true",205,166,205,0,0,0,50
,"die","false",1,,"barbarian_death_1","true","true",205,166,205,0,0,0,50
"elder_ground_lvl1",,,,,,,,,,,,,,
,"Name","HasDirections","VariationWeight","ActionFrame","ExportName","Looping","StopToLast",,,,,,,
,"String","boolean","int","int","String","boolean","boolean",,,,,,,
,"walk","true",,,"elder_lvl1_walk1","true","true",,,,,,,
,"idle","true",1,,"elder_lvl1_idle1","true","true",,,,,,,
,"sleep","false",1,,"elder_lvl1_sleep1","true","true",,,,,,,
,"attack","true",1,12,"elder_lvl1_ground_attack1","false","true",,,,,,,
,"celebrate","false",1,,"elder_lvl1_cheer1","false","true",,,,,,,
,"die","false",1,,"elder_lvl1_stunned1","true","true",,,,,,,
,"attack2","true",,5,"elder_lvl1_summon1","false","true",,,,,,,
"elder_air_lvl1",,,,,,,,,,,,,,
,"Name","HasDirections","VariationWeight","ActionFrame","ExportName","Looping","StopToLast",,,,,,,
,"String","boolean","int","int","String","boolean","boolean",,,,,,,
,"walk","true",,,"elder_lvl1_fly1","true","true",,,,,,,
,"idle","true",1,,"elder_lvl1_fly_idle1","true","true",,,,,,,
,"sleep","false",1,,"elder_lvl1_sleep1","true","true",,,,,,,
,"attack","true",1,13,"elder_lvl1_air_attack1","false","true",,,,,,,
,"celebrate","false",1,,"elder_lvl1_fly_cheer1","false","true",,,,,,,
,"die","false",1,,"elder_lvl1_fly_stunned1","true","true",,,,,,,
,"attack2","true",,5,"elder_lvl1_fly_summon1","false","true",,,,,,,
"elder_ground_lvl2",,,,,,,,,,,,,,
,"Name","HasDirections","VariationWeight","ActionFrame","ExportName","Looping","StopToLast",,,,,,,
,"String","boolean","int","int","String","boolean","boolean",,,,,,,
,"walk","true",,,"elder_lvl2_walk1","true","true",,,,,,,
,"idle","true",1,,"elder_lvl2_idle1","true","true",,,,,,,
,"sleep","false",1,,"elder_lvl2_sleep1","true","true",,,,,,,
,"attack","true",1,12,"elder_lvl2_ground_attack1","false","true",,,,,,,
,"celebrate","false",1,,"elder_lvl2_cheer1","false","true",,,,,,,
,"die","false",1,,"elder_lvl2_stunned1","true","true",,,,,,,
,"attack2","true",,5,"elder_lvl2_summon1","false","true",,,,,,,
"elder_air_lvl2",,,,,,,,,,,,,,
,"Name","HasDirections","VariationWeight","ActionFrame","ExportName","Looping","StopToLast",,,,,,,
,"String","boolean","int","int","String","boolean","boolean",,,,,,,
,"walk","true",,,"elder_lvl2_fly1","true","true",,,,,,,
,"idle","true",1,,"elder_lvl2_fly_idle1","true","true",,,,,,,
,"sleep","false",1,,"elder_lvl2_sleep1","true","true",,,,,,,
,"attack","true",1,13,"elder_lvl2_air_attack1","false","true",,,,,,,
,"celebrate","false",1,,"elder_lvl2_fly_cheer1","false","true",,,,,,,
,"die","false",1,,"elder_lvl2_fly_stunned1","true","true",,,,,,,
,"attack2","true",,5,"elder_lvl2_fly_summon1","false","true",,,,,,,
"rocketeer_lvl1",,,,,,,,,,,,,,
,"Name","HasDirections","VariationWeight","ActionFrame","ExportName","Looping","StopToLast",,,,,,,
,"String","boolean","int","int","String","boolean","boolean",,,,,,,
,"walk","true",1,,"rocketeer_lvl1_fly1","true","true",,,,,,,
,"idle","true",1,,"rocketeer_lvl1_idle1","true","true",,,,,,,
,"attack","true",1,,"rocketeer_lvl1_fly1","false","true",,,,,,,
,"celebrate","false",1,,"rocketeer_lvl1_cheer1_1","false","true",,,,,,,
,"die","false",1,,"barbarian_death_1","true","true",,,,,,,
"Troll_lvl1",,,,,,,,,,,,,,
,"Name","HasDirections","VariationWeight","ActionFrame","ExportName","Looping","StopToLast","ColorMulR","ColorMulG","ColorMulB","ColorAddR","ColorAddG","ColorAddB","Scale"
,"String","boolean","int","int","String","boolean","boolean","int","int","int","int","int","int","int"
,"walk","true",,,"troll_lvl1_walk1","true","true",,,,,,,
,"idle","true",1,,"troll_lvl1_idle1","true","true",,,,,,,
,"attack","true",1,14,"troll_lvl1_attack1","false","true",,,,,,,
,"celebrate","false",1,,"troll_lvl1_idle1_1","true","true",,,,,,,
,"die","false",1,,"barbarian_death_1","false","true",,,,,,,
"Troll_lvl2",,,,,,,,,,,,,,
,"Name","HasDirections","VariationWeight","ActionFrame","ExportName","Looping","StopToLast","ColorMulR","ColorMulG","ColorMulB","ColorAddR","ColorAddG","ColorAddB","Scale"
,"String","boolean","int","int","String","boolean","boolean","int","int","int","int","int","int","int"
,"walk","true",,,"troll_lvl2_walk1","true","true",,,,,,,
,"idle","true",1,,"troll_lvl2_idle1","true","true",,,,,,,
,"attack","true",1,14,"troll_lvl2_attack1","false","true",,,,,,,
,"celebrate","false",1,,"troll_lvl2_idle1_1","true","true",,,,,,,
,"die","false",1,,"barbarian_death_1","false","true",,,,,,,
"Griffon_lvl1",,,,,,,,,,,,,,
,"Name","HasDirections","VariationWeight","ActionFrame","ExportName","Looping","StopToLast",,,,,,,
,"String","boolean","int","int","String","boolean","boolean",,,,,,,
,"walk","true",,,"griffon1_fly1","true","true",,,,,,,
,"idle","true",10,,"griffon1_fly1","true","true",,,,,,,
,,"true",2,,"griffon1_fly1","true","true",,,,,,,
,"attack","true",1,4,"griffon1_attack1","true","true",,,,,,,
,,"true",1,4,"griffon1_attack1","true","true",,,,,,,
,"celebrate","true",4,,"griffon1_fly1","true","true",,,,,,,
,,"true",1,,"griffon1_fly1","true","true",,,,,,,
,"die","false",1,,"barbarian_death_1","false","true",,,,,,,
"Goblin_Glider_lvl1",,,,,,,,,,,,,,
,"Name","HasDirections","VariationWeight","ActionFrame","ExportName","Looping","StopToLast",,,,,,,
,"String","boolean","int","int","String","boolean","boolean",,,,,,,
,"walk","true",,,"glider_lvl1_fly1","true","true",,,,,,,
,"idle","true",1,,"glider_lvl1_fly1","true","true",,,,,,,
,"attack","true",1,14,"glider_lvl1_attack1","false","true",,,,,,,
,"celebrate","true",1,,"glider_lvl1_fly1","true","true",,,,,,,
,"die","false",1,,"barbarian_death_1","false","true",,,,,,,
"BabyDragon_lvl1",,,,,,,,,,,,,,
,"Name","HasDirections","VariationWeight","ActionFrame","ExportName","Looping","StopToLast","ColorMulR","ColorMulG","ColorMulB","ColorAddR","ColorAddG","ColorAddB","Scale"
,"String","boolean","int","int","String","boolean","boolean","int","int","int","int","int","int","int"
,"walk","true",,,"baby_dragon_lvl1_fly1","true","true",,,,,,,110
,"idle","true",10,,"baby_dragon_lvl1_fly1","true","true",,,,,,,110
,,"true",2,,"baby_dragon_lvl1_fly1","true","true",,,,,,,110
,"attack","true",1,11,"baby_dragon_lvl1_attack1","false","false",,,,,,,110
,,"true",1,11,"baby_dragon_lvl1_attack1","false","false",,,,,,,110
,"celebrate","true",4,,"baby_dragon_lvl1_fly1","true","true",,,,,,,110
,,"true",1,,"baby_dragon_lvl1_fly1","true","true",,,,,,,110
,"die","false",1,,"barbarian_death_1","false","true",,,,,,,110
"BabyDragon_lvl2",,,,,,,,,,,,,,
,"Name","HasDirections","VariationWeight","ActionFrame","ExportName","Looping","StopToLast","ColorMulR","ColorMulG","ColorMulB","ColorAddR","ColorAddG","ColorAddB","Scale"
,"String","boolean","int","int","String","boolean","boolean","int","int","int","int","int","int","int"
,"walk","true",,,"baby_dragon_lvl1_fly1","true","true",,,,,,,110
,"idle","true",10,,"baby_dragon_lvl1_fly1","true","true",,,,,,,110
,,"true",2,,"baby_dragon_lvl1_fly1","true","true",,,,,,,110
,"attack","true",1,11,"baby_dragon_lvl1_attack1","false","false",,,,,,,110
,,"true",1,11,"baby_dragon_lvl1_attack1","false","false",,,,,,,110
,"celebrate","true",4,,"baby_dragon_lvl1_fly1","true","true",,,,,,,110
,,"true",1,,"baby_dragon_lvl1_fly1","true","true",,,,,,,110
,"die","false",1,,"barbarian_death_1","false","true",,,,,,,110
"BabyDragon_lvl3",,,,,,,,,,,,,,
,"Name","HasDirections","VariationWeight","ActionFrame","ExportName","Looping","StopToLast","ColorMulR","ColorMulG","ColorMulB","ColorAddR","ColorAddG","ColorAddB","Scale"
,"String","boolean","int","int","String","boolean","boolean","int","int","int","int","int","int","int"
,"walk","true",,,"baby_dragon_lvl1_fly1","true","true",,,,,,,120
,"idle","true",10,,"baby_dragon_lvl1_fly1","true","true",,,,,,,120
,,"true",2,,"baby_dragon_lvl1_fly1","true","true",,,,,,,120
,"attack","true",1,11,"baby_dragon_lvl1_attack1","false","false",,,,,,,120
,,"true",1,11,"baby_dragon_lvl1_attack1","false","false",,,,,,,120
,"celebrate","true",4,,"baby_dragon_lvl1_fly1","true","true",,,,,,,120
,,"true",1,,"baby_dragon_lvl1_fly1","true","true",,,,,,,120
,"die","false",1,,"barbarian_death_1","false","true",,,,,,,120
"Miner_lvl1",,,,,,,,,,,,,,
,"Name","HasDirections","VariationWeight","ActionFrame","ExportName","Looping","StopToLast","ColorMulR","ColorMulG","ColorMulB","ColorAddR","ColorAddG","ColorAddB","Scale"
,"String","boolean","int","int","String","boolean","boolean","int","int","int","int","int","int","int"
,"walk","true",,,"miner_lvl1_run1","true","true",,,,,,,
,"idle","true",,,"miner_lvl1_idle1","true","true",,,,,,,
,"attack","true",,17,"miner_lvl1_attack1","false","true",,,,,,,
,"celebrate","true",,,"miner_lvl1_idle1","true","true",,,,,,,
,"die","false",,,"barbarian_death_1","false","true",,,,,,,
,"hide","true",,18,"miner_lvl1_dig1","false","false",,,,,,,
"Miner_lvl2",,,,,,,,,,,,,,
,"Name","HasDirections","VariationWeight","ActionFrame","ExportName","Looping","StopToLast","ColorMulR","ColorMulG","ColorMulB","ColorAddR","ColorAddG","ColorAddB","Scale"
,"String","boolean","int","int","String","boolean","boolean","int","int","int","int","int","int","int"
,"walk","true",,,"miner_lvl1_run1","true","true",,,,,,,
,"idle","true",,,"miner_lvl1_idle1","true","true",,,,,,,
,"attack","true",,17,"miner_lvl1_attack1","false","true",,,,,,,
,"celebrate","true",,,"miner_lvl1_idle1","true","true",,,,,,,
,"die","false",,,"barbarian_death_1","false","true",,,,,,,
,"hide","true",,18,"miner_lvl1_dig1","false","false",,,,,,,
"Miner_lvl3",,,,,,,,,,,,,,
,"Name","HasDirections","VariationWeight","ActionFrame","ExportName","Looping","StopToLast","ColorMulR","ColorMulG","ColorMulB","ColorAddR","ColorAddG","ColorAddB","Scale"
,"String","boolean","int","int","String","boolean","boolean","int","int","int","int","int","int","int"
,"walk","true",,,"miner_lvl2_run1","true","true",,,,,,,
,"idle","true",,,"miner_lvl2_idle1","true","true",,,,,,,
,"attack","true",,17,"miner_lvl2_attack1","false","true",,,,,,,
,"celebrate","true",,,"miner_lvl2_idle1","true","true",,,,,,,
,"die","false",,,"barbarian_death_1","false","true",,,,,,,
,"hide","true",,18,"miner_lvl2_dig1","false","false",,,,,,,
